Filename,Duration,TS Start,TS End,TS Duration,Complete?,Verified?,Completed:,50/69,,,,,,,,,,,,,,,,,,,,,,,,,
d-25-000b.wav,0.01771446759259259,-0.01749935185,0.0002150925926,0.01771444444,0,0
d-25-005b.wav,0.021447800925925926,-0.01741935103,0.001446593542,0.01886594457,0,0
d000-018.wav,0.012764467592592591,0,0.01276444444,0.01276444444,1,1
d001-026b.wav,0.018225578703703706,0.000629537037,0.01885509259,0.01822555556,1,1
d006-025.wav,0.013888888888888888,0.003830308287,0.01771919718,0.01388888889,1,1
d019-040.wav,0.015250347222222224,0.01276444444,0.02801481481,0.01525037037,1,1
d026-045.wav,0.013888888888888888,0.01771919606,0.03161207078,0.01389287471,1,1
d026-073b.wav,0.03295335648148148,0.01844731488,0.05140064822,0.03295333333,1,1
d041-064.wav,0.016964467592592593,0.02801481481,0.04499037113,0.01697555632,1,1,,
d046-065.wav,0.013888888888888888,0.03160808567,0.04546989728,0.01386181161,1,1
d064-083b.wav,0.013888888888888888,0.04433731502,0.05852731534,0.01419000031,1,1
d065-087.wav,0.015976273148148146,0.04499037113,0.06096666743,0.0159762963,1,1
d066-085.wav,0.013888888888888888,0.04549697457,0.05938586285,0.01388888828,1,1
d069-086.wav,0.012423726851851852,0.04854175929,0.060965463,0.0124237037,1,1
d084-103b.wav,0.013888888888888888,0.05852731581,0.07247175954,0.01394444373,1,1
d086-105.wav,0.013888888888888888,0.05938586451,0.07336069524,0.01397483073,1,1
d087-121.wav,0.02320891203703704,0.06096546373,0.08492990674,0.02396444301,1,1
d088-107.wav,0.014164699074074073,0.06096666743,0.07513138316,0.01416471573,1,1
d107-121b.wav,0.012001504629629631,0.0729295378,0.08493101928,0.01200148148,1,1
d106-125.wav,0.013888888888888888,0.07336064891,0.08725150757,0.01389085866,1,1
d104-108b.wav,0.0032622685185185185,0.07596953779,0.07927176002,0.003302222234,1,1
d122-144.wav,0.015269675925925926,0.08492994363,0.1001995725,0.01526962891,1,1
d122-144b.wav,0.015263657407407406,0.08493105475,0.1001947577,0.015263703,1,1
d126-145.wav,0.013888888888888888,0.08724957471,0.1011384614,0.01388888671,1,1
d145-164b.wav,0.014124421296296295,0.1001947577,0.1143192022,0.01412444444,1,1
d145-164.wav,0.014120023148148149,0.1001995725,0.1143195718,0.01411999928,1,1
d146.wav,1.0520833333333333E-4,0.1011384614,0.1012436408,0.0001051794097,1,1
d165-186b.wav,0.015051851851851853,0.1143192022,0.129371054,0.01505185185,1,1
d165-186.wav,0.015051157407407409,0.1143195725,0.1293706837,0.01505111111,1,1
d-14Nov10-a.au,0.013888888888888888,0.125614017,0.1395029059,0.01388888889,1,1
d187-200.wav,0.004622222222222222,0.1293706837,0.1339928979,0.004622214259,1,1
d187-216b.wav,0.014682175925925925,0.129371054,0.15066551,0.02129445602,1,1
dnb-14Nov02-a.au,0.013888888888888888,0.1359817948,0.1498706837,0.01388888889,1,1
d-14Nov10-b.au,0.013888888888888888,0.1395029059,0.1533917717,0.01388886583,1,1
dnb-14Nov02-b.au,0.013888888888888888,0.1498706837,0.1637595725,0.01388888889,1,1
d217-242.wav,0.017817824074074076,0.1506654985,0.1684832763,0.01781777778,1,1
d-14Nov10-c.au,0.013888888888888888,0.1533917948,0.167280472,0.01388867719,1,1,ready for track check,,d-14Nov10-c.au
d228-247.wav,0.013888888888888888,0.1573181207,0.1719662392,0.0146481185,1,1
dnb-14Nov02-c.au,7.747685185185185E-4,0.1637595725,0.1645343816,0.0007748090278,1,1,ready for track check,,d-14Nov10-d.au
d-14Nov10-d.au,0.013888888888888888,0.1672806837,0.1811695725,0.01388888889,1,1
d242-268.wav,0.017818518518518518,0.1684832753,0.1863017938,0.01781851852,1,1
d248-258.wav,0.007899999999999999,0.1719662385,0.1798662392,0.007900000718,1,1
d-14Nov10-e.au,0.013888888888888888,0.1811811466,0.1950700355,0.01388888889,1,1
d268-287.wav,0.013888888888888888,0.1856055911,0.1995111466,0.01390555556,1,1
d269-271b.wav,0.0020350694444444444,0.1863133689,0.1883484904,0.002035121528,1,1
d276-293b.wav,0.013183680555555554,0.1905652511,0.2037489244,0.01318367332,1,1
d-14Nov10-f.au,0.013888888888888888,0.1950700355,0.2089589221,0.01388888656,1,1
d288-307.wav,0.013888888888888888,0.1995111466,0.2134000355,0.01388888889,1,1
d316-335.wav,0.013888888888888888,0.2161478126,0.2300367015,0.01388888889,1,1
d-14Nov10-h.au,0.009096296296296295,0.2228478133,0.2319441038,0.009096290509,1,1
d308-327.wav,0.013888888888888888,0.2134000355,0.2272786649,0.01387862943,1,1
d328-342.wav,0.010163310185185185,0.2272889244,0.2374522577,0.01016333333,1,1
d336-355.wav,0.013888888888888888,#N/A,#N/A,#N/A,#N/A,#N/A
d356-375.wav,0.013888888888888888,#N/A,#N/A,#N/A,#N/A,#N/A
d376-395.wav,0.013888888888888888,#N/A,#N/A,#N/A,#N/A,#N/A
d396-415.wav,0.013888888888888888,#N/A,#N/A,#N/A,#N/A,#N/A
d416-435.wav,0.013888888888888888,#N/A,#N/A,#N/A,#N/A,#N/A
d425-438b.wav,0.009293287037037037,#N/A,#N/A,#N/A,#N/A,#N/A
d425-444.wav,0.013888888888888888,#N/A,#N/A,#N/A,#N/A,#N/A
d436-455.wav,0.013888888888888888,#N/A,#N/A,#N/A,#N/A,#N/A
d445-464.wav,0.013888888888888888,#N/A,#N/A,#N/A,#N/A,#N/A
d456-470.wav,0.010137731481481482,#N/A,#N/A,#N/A,#N/A,#N/A
d465-484.wav,0.013888888888888888,#N/A,#N/A,#N/A,#N/A,#N/A
d472-491.wav,0.013888888888888888,#N/A,#N/A,#N/A,#N/A,#N/A
d485-504.wav,0.013888888888888888,#N/A,#N/A,#N/A,#N/A,#N/A
d492-511.wav,0.013888888888888888,#N/A,#N/A,#N/A,#N/A,#N/A
d505-524.wav,0.013888888888888888,#N/A,#N/A,#N/A,#N/A,#N/A
d505-531b.wav,0.01965335648148148,#N/A,#N/A,#N/A,#N/A,#N/A
d512-005.wav,0.013888888888888888,#N/A,#N/A,#N/A,#N/A,#N/A
d525-532.wav,0.005179976851851852,#N/A,#N/A,#N/A,#N/A,#N/A
,TOTAL DURATION,,,
,0.9477020833,,,
